-- ===================================================================
-- PMS7 Database Sample Data (DML)
-- MariaDB/MySQL Compatible
-- Created: 2025-07-01
-- Description: Project Management System Version 7 Sample Data
-- ===================================================================

USE pms7;

-- ===================================================================
-- 1. ROLES DATA - 사용자 역할 샘플 데이터
-- ===================================================================
INSERT INTO roles (role_id, role_name, role_description) VALUES 
(1, 'ADMIN', '시스템 관리자'),
(2, 'USER', '일반 사용자'),
(3, 'MANAGER', '관리자'),
(4, 'HR', '인사 담당자'),
(5, 'DEVELOPER', '개발자');

-- ===================================================================
-- 2. USERS DATA - 사용자 샘플 데이터
-- ===================================================================
INSERT INTO users (user_id, username, username1, email, password, role_id, is_active) VALUES 
(1, '홍길동', 'hong', 'hong@company.com', '$2a$10$password_hash_1', 1, 1),
(2, '김철수', 'kim', 'kim@company.com', '$2a$10$password_hash_2', 2, 1),
(3, '이영희', 'lee', 'lee@company.com', '$2a$10$password_hash_3', 2, 1),
(4, '박민수', 'park', 'park@company.com', '$2a$10$password_hash_4', 3, 1),
(5, '정수진', 'jung', 'jung@company.com', '$2a$10$password_hash_5', 4, 1);

-- ===================================================================
-- 3. CATEGORIES DATA - 카테고리 샘플 데이터
-- ===================================================================
INSERT INTO categories (category_id, name, description) VALUES 
(1, 'IT/개발', 'IT 및 소프트웨어 개발 관련'),
(2, '디자인', '그래픽 및 UI/UX 디자인'),
(3, '마케팅', '마케팅 및 홍보'),
(4, '영업', '영업 및 고객 관리'),
(5, '기획', '사업 기획 및 전략');

-- ===================================================================
-- 4. JOBS DATA - 채용공고 샘플 데이터
-- ===================================================================
INSERT INTO jobs (job_id, title, description, company_name, location, salary_range, posted_by, category_id) VALUES 
(1, '프론트엔드 개발자', 'React.js를 이용한 웹 애플리케이션 개발', '테크컴퍼니', '서울', '3000-4500만원', 1, 1),
(2, '백엔드 개발자', 'Spring Boot를 이용한 API 서버 개발', '소프트웨어그룹', '경기', '3500-5000만원', 1, 1),
(3, '모바일 개발자', 'Flutter를 이용한 모바일 앱 개발', '모바일스튜디오', '서울', '4000-5500만원', 1, 1),
(4, '데이터 분석가', 'Python을 이용한 데이터 분석 및 머신러닝', '데이터랩', '서울', '3500-4500만원', 1, 1),
(5, '프로젝트 매니저', '소프트웨어 개발 프로젝트 관리', 'PM컨설팅', '서울', '4500-6000만원', 1, 5),
(6, '그래픽 디자이너', 'Photoshop을 이용한 그래픽 디자인', '디자인하우스', '서울', '2800-3800만원', 1, 2),
(7, 'UI/UX 디자이너', '웹/앱 UI/UX 디자인', 'UX스튜디오', '서울', '3200-4200만원', 1, 2),
(8, 'QA 엔지니어', '소프트웨어 품질 보증 및 테스트', '퀄리티소프트', '경기', '3000-4000만원', 1, 1),
(9, '시스템 관리자', 'Linux 기반 시스템 관리', '시스템테크', '서울', '3500-4500만원', 1, 1),
(10, 'DevOps 엔지니어', 'CI/CD 파이프라인 구축 및 관리', '클라우드웍스', '서울', '4000-5500만원', 1, 1);

-- ===================================================================
-- 5. APPLICATIONS DATA - 지원서 샘플 데이터
-- ===================================================================
INSERT INTO applications (application_id, user_id, job_id, cover_letter, status) VALUES 
(1, 1, 1, '프론트엔드 개발 경험이 풍부하며, 팀에 기여하고 싶습니다.', 'pending'),
(2, 2, 2, 'Spring Boot를 활용한 백엔드 개발 경험이 있습니다.', 'pending'),
(3, 3, 3, 'Flutter를 이용한 모바일 앱 개발 경험이 풍부합니다.', 'pending'),
(4, 4, 4, '데이터 분석 및 머신러닝 알고리즘에 대한 깊은 이해가 있습니다.', 'pending'),
(5, 5, 5, '소프트웨어 개발 프로젝트를 성공적으로 관리한 경험이 있습니다.', 'pending');

-- ===================================================================
-- 6. NOTICES DATA - 공지사항 샘플 데이터
-- ===================================================================
INSERT INTO notices (id, title, content, author, is_top, login_required) VALUES 
(1, '시스템 점검 안내', '시스템 점검으로 인해 서비스가 일시 중단됩니다.', '관리자', 1, 0),
(2, '신규 기능 추가 안내', '새로운 기능이 추가되었습니다.', '관리자', 0, 1),
(3, '보안 업데이트 완료', '보안 취약점을 수정하는 업데이트가 완료되었습니다.', '관리자', 1, 0),
(4, '서비스 약관 변경 안내', '서비스 약관이 일부 변경되었습니다.', '관리자', 0, 1),
(5, '정기 점검 일정 안내', '매월 정기 점검 일정을 안내합니다.', '관리자', 0, 0);

-- ===================================================================
-- 7. EVENTS DATA - 이벤트 샘플 데이터
-- ===================================================================
INSERT INTO events (event_id, title, description, start_date, end_date, status) VALUES 
(1, '여름 할인 이벤트', '전 상품 20% 할인', '2024-07-01 00:00:00', '2024-08-31 23:59:59', 'FINISHED'),
(2, '봄맞이 이벤트', '신상품 10% 할인', '2024-03-01 00:00:00', '2024-03-31 23:59:59', 'FINISHED'),
(3, '크리스마스 이벤트', '시즌 한정 상품', '2024-12-01 00:00:00', '2024-12-25 23:59:59', 'FINISHED'),
(4, '신년 이벤트', '새해 맞이 특가', '2025-01-01 00:00:00', '2025-01-31 23:59:59', 'FINISHED');

-- ===================================================================
-- 8. MENU_TYPES DATA - 메뉴 타입 샘플 데이터
-- ===================================================================
INSERT INTO menu_types (type_id, type_name, display_order) VALUES 
(1, '관리', 1),
(2, '운영', 2);

-- ===================================================================
-- 9. MENUS DATA - 메뉴 샘플 데이터
-- ===================================================================
INSERT INTO menus (menu_id, type_id, menu_name, icon, path, display_order, is_visible) VALUES 
(1, 1, '시스템 관리', 'settings', '/admin', 1, 1),
(2, 1, '사용자 관리', 'users', '/users', 2, 1),
(3, 1, '권한 관리', 'shield', '/permissions', 3, 1),
(4, 2, '공지사항', 'bell', '/notices', 1, 1),
(5, 2, '이벤트', 'calendar', '/events', 2, 1),
(6, 2, '채용공고', 'briefcase', '/jobs', 3, 1),
(7, 2, '대시보드', 'dashboard', '/dashboard', 4, 1);

-- ===================================================================
-- 10. SUB_MENUS DATA - 서브메뉴 샘플 데이터
-- ===================================================================
INSERT INTO sub_menus (sub_menu_id, menu_id, sub_menu_name, path, display_order, is_visible) VALUES 
(1, 1, '시스템 설정', '/admin/system', 1, 1),
(2, 1, '백업 관리', '/admin/backup', 2, 1),
(3, 2, '사용자 목록', '/users/list', 1, 1),
(4, 2, '사용자 등록', '/users/register', 2, 1),
(5, 3, '역할 관리', '/permissions/roles', 1, 1),
(6, 3, '권한 설정', '/permissions/settings', 2, 1),
(7, 4, '공지사항 목록', '/notices/list', 1, 1),
(8, 4, '공지사항 작성', '/notices/write', 2, 1),
(9, 5, '이벤트 목록', '/events/list', 1, 1),
(10, 5, '이벤트 등록', '/events/register', 2, 1),
(11, 6, '채용공고 목록', '/jobs/list', 1, 1),
(12, 6, '채용공고 등록', '/jobs/register', 2, 1),
(13, 7, '통계', '/dashboard/stats', 1, 1);

-- ===================================================================
-- 11. MENU_PERMISSIONS DATA - 메뉴 권한 샘플 데이터
-- ===================================================================
INSERT INTO menu_permissions (role_id, menu_id, sub_menu_id, can_access) VALUES 
-- ADMIN 권한 (모든 메뉴 접근 가능)
(1, 1, NULL, 1), (1, 2, NULL, 1), (1, 3, NULL, 1), (1, 4, NULL, 1), (1, 5, NULL, 1), (1, 6, NULL, 1), (1, 7, NULL, 1),
-- USER 권한 (제한된 메뉴만 접근)
(2, 4, NULL, 1), (2, 5, NULL, 1), (2, 6, NULL, 1), (2, 7, NULL, 1),
-- MANAGER 권한 (사용자 관리 및 운영 메뉴)
(3, 2, NULL, 1), (3, 4, NULL, 1), (3, 5, NULL, 1), (3, 6, NULL, 1), (3, 7, NULL, 1),
-- HR 권한 (채용 관련 메뉴)
(4, 6, NULL, 1), (4, 7, NULL, 1),
-- DEVELOPER 권한 (일반 사용자와 동일)
(5, 4, NULL, 1), (5, 5, NULL, 1), (5, 6, NULL, 1), (5, 7, NULL, 1);

-- ===================================================================
-- DML 데이터 삽입 완료
-- ===================================================================